seed,chain_length,burnin,test_frac,missing_mode,train_missing_pct,test_missing_pct,n_train,n_test,train_missing_cells,test_missing_cells,ebv_test_total,ebv_test_direct,ebv_test_indirect,epv_test_total,epv_test_direct,epv_test_indirect,epv_test_trait,time_seconds
42,30,10,0.2,individual,0.0,0.0,2827,707,0,0,0.7702421513254728,0.027737096988714353,0.8431016313079296,0.5009212266947685,-0.008591895629285702,0.5618524484501044,0.8310189713795847,26.24922490119934
42,30,10,0.2,individual,0.0,1.0,2827,707,0,7070,0.736841992235815,0.04373288208417435,0.7977927136570934,0.6846630739850087,0.06445808917959825,0.72917872989938,0.33937369890478974,2.7839269638061523
