seed,ebv_accuracy_total,ebv_accuracy_direct,ebv_accuracy_indirect,epv_accuracy_total,epv_accuracy_direct,epv_accuracy_indirect,time_seconds
42,0.8548695007909348,0.03987674259641586,0.9358347817281637,0.499566726212635,0.01442931462353155,0.5513179326143942,151.57869410514832
123,0.8556058613868408,0.041092030247036816,0.9360504142927644,0.4995324413788038,0.014377652442530352,0.5513054320716659,107.35952997207642
456,0.8547083425583663,0.04046463320098715,0.9353606563293343,0.49953061374662794,0.014354450433436708,0.5513149897722882,105.36219501495361
789,0.8546159402634054,0.03944338685459308,0.9357679704408648,0.4995650368046092,0.014432790170980937,0.5513143060067776,80.2554841041565
2024,0.8562505832572684,0.04065707822489278,0.9369887112110153,0.4995760582852006,0.014458840140220367,0.5513136034503242,64.7506377696991
