seed,n_missing_cells,accuracy_total,accuracy_direct,accuracy_indirect,time_seconds
42,10600,0.7873380327141954,0.06846526783712795,0.8460380468824529,93.27346301078796
123,10600,0.7768143433231333,0.0757464418271897,0.8306316105313079,60.26902198791504
456,10600,0.7758561031049226,0.049993230670968475,0.8424368743444166,57.82686400413513
789,10600,0.7928259052806069,0.08439165863288922,0.8442104822840477,55.26036882400513
2024,10600,0.7723060875846771,0.06407468581222511,0.8314271131149051,54.97389316558838
