seed,accuracy_total,accuracy_direct,accuracy_indirect,time_seconds
42,0.8548695007909348,0.03987674259641586,0.9358347817281637,68.29019284248352
123,0.8556058613868408,0.041092030247036816,0.9360504142927644,43.543802976608276
456,0.8547083425583663,0.04046463320098715,0.9353606563293343,38.928505182266235
789,0.8546159402634054,0.03944338685459308,0.9357679704408648,37.78484487533569
2024,0.8562505832572684,0.04065707822489278,0.9369887112110153,40.12515306472778
