core,double_precision,estimate_pi,estimate_var1,estimate_var2,ebv_n,ebv_pearson_r,ebv_spearman_r,ebv_rank_corr,ebv_scale_ratio,epv_n,epv_pearson_r,epv_spearman_r,epv_rank_corr,epv_scale_ratio,suffix
f32,False,True,True,True,3534,0.7729097280247555,0.7581933732565457,0.7581933732565457,0.0013714496471949988,3534,0.6925863894682759,0.6821095771485909,0.6821095771485909,0.0003077767920383172,coref32_dp0_pi1_v11_v21
f32,False,True,True,False,3534,0.7806631599137762,0.7643697161640463,0.7643697161640463,0.007729088558547199,3534,0.678955258030529,0.6633830489940883,0.6633830489940883,0.0014051708437744846,coref32_dp0_pi1_v11_v20
f32,False,True,False,True,3534,0.6640018510008714,0.645765696403089,0.645765696403089,4.50109339040593e-05,3534,0.07779439440837117,0.07295199821307241,0.07295199821307241,0.00013226616562109136,coref32_dp0_pi1_v10_v21
f32,False,True,False,False,3534,0.610615287516165,0.5977430847526234,0.5977430847526234,0.00024251721804300743,3534,0.14611496501608498,0.1361990963189884,0.1361990963189884,0.0006504286504162253,coref32_dp0_pi1_v10_v20
f32,False,False,True,True,3534,0.8380384533107372,0.822613143237776,0.822613143237776,0.0014080204132891055,3534,0.6902983007753691,0.6795619488296569,0.6795619488296569,0.0002856985458114736,coref32_dp0_pi0_v11_v21
f32,False,False,True,False,3534,0.8344806654576049,0.8171358565428207,0.8171358565428207,0.008706732312349506,3534,0.159369817830856,0.15589144985992906,0.15589144985992906,0.001420390851348174,coref32_dp0_pi0_v11_v20
f32,False,False,False,True,3534,0.7130147215124304,0.6986818600490111,0.6986818600490111,0.00022343193438891594,3534,-0.6481730434607136,-0.6326460910830889,-0.6326460910830889,0.0002476001405446277,coref32_dp0_pi0_v10_v21
f32,False,False,False,False,3534,0.7166120768854579,0.7008198252362324,0.7008198252362324,0.0007667005510855221,3534,0.610521232872898,0.5963718427710598,0.5963718427710598,0.0011013510069534903,coref32_dp0_pi0_v10_v20
