core,double_precision,estimate_pi,estimate_var1,estimate_var2,ebv_n,ebv_pearson_r,ebv_spearman_r,ebv_rank_corr,ebv_scale_ratio,epv_n,epv_pearson_r,epv_spearman_r,epv_rank_corr,epv_scale_ratio,suffix
f64,True,True,True,True,3534,0.7615205086142683,0.7453947706490254,0.7453947706490254,0.0016000647580571078,3534,0.5907123763282428,0.5737890159546566,0.5737890159546566,0.00024007862296627545,coref64_dp1_pi1_v11_v21
f64,True,True,True,False,3534,0.7707214299751471,0.7521994218006972,0.7521994218006972,0.00864035450434813,3534,0.2720335417336334,0.26969548172184343,0.26969548172184343,0.0014856081320816868,coref64_dp1_pi1_v11_v20
f64,True,True,False,True,3534,0.6189950518507573,0.604845837389436,0.604845837389436,3.133499351054492e-05,3534,-0.037283446548213896,-0.03152118832628561,-0.03152118832628561,0.0001030901923284165,coref64_dp1_pi1_v10_v21
f64,True,True,False,False,3534,0.6888893983520803,0.6714382601740857,0.6714382601740857,0.0003146973022249966,3534,-0.11671769701506678,-0.11049781520498118,-0.11049781520498118,0.0008304487070137087,coref64_dp1_pi1_v10_v20
f64,True,False,True,True,3534,0.8377695652305799,0.8195779541182223,0.8195779541182223,0.0015462211981496746,3534,0.6566713380755219,0.6375487514223708,0.6375487514223708,0.0002492812626537449,coref64_dp1_pi0_v11_v21
f64,True,False,True,False,3534,0.8238560934824626,0.8079866044241784,0.8079866044241784,0.008122261577373913,3534,0.6148650826329557,0.5990490846632732,0.5990490846632732,0.0014415074077617212,coref64_dp1_pi0_v11_v20
f64,True,False,False,True,3534,0.696922211612649,0.6801202662988983,0.6801202662988983,0.00018486700623321478,3534,0.04775992999503174,0.04416330882017891,0.04416330882017891,0.00022305923138149408,coref64_dp1_pi0_v10_v21
f64,True,False,False,False,3534,0.7144114906272538,0.7023884815504982,0.7023884815504982,0.0012960710842020815,3534,0.30254287381014366,0.284218061274172,0.284218061274172,0.0014224939277322102,coref64_dp1_pi0_v10_v20
