chain_length,burnin,mean_time,std_time,iter_per_sec
100,20,6.3515403270721436,0.16815246653204427,15.74421240368583
500,100,20.88953407605489,0.27781176532368745,23.935430928214743
1000,200,38.49944599469503,0.9832126374985465,25.97439973909737
