chain_length,burnin,mean_time,std_time,iter_per_sec
100,20,34.40033173561096,2.1343581502421807,2.906948711092828
500,100,166.10680135091147,36.78357611004069,3.0101115422945104
1000,200,127.89162000020345,78.10695500556929,7.81912059600472
