chain_length,burnin,mean_time,std_time,iter_per_sec
100,20,21.907517274220783,1.6107260212547054,4.56464321119915
500,100,58.38540538152059,2.671586761546436,8.56378399246764
1000,200,69.8399993578593,23.085848581927138,14.318442285143966
